[
    {
        "LastModifiedDate": "2021-11-10T06:42:17.000Z",
        "Description": null,
        "IsActive": "false",
        "AmountAllOpportunities": "0.0",
        "ExpectedResponse": "0.0",
        "LastReferencedDate": "2021-11-10T07:05:06.000Z",
        "type": "Campaign",
        "CampaignMemberRecordTypeId": null,
        "Name": "jgkj",
        "NumberOfLeads": "0",
        "NumberOfOpportunities": "0",
        "StartDate": null,
        "NumberSent": "0.0",
        "NumberOfResponses": "0",
        "ExpectedRevenue": null,
        "OwnerId": "0055g0000010kF7AAI",
        "CreatedById": "0055g0000010kF7AAI",
        "AmountWonOpportunities": "0.0",
        "BudgetedCost": null,
        "ParentId": null,
        "Status": "Planned",
        "IsDeleted": "false",
        "NumberOfContacts": "0",
        "LastViewedDate": "2021-11-10T07:05:06.000Z",
        "EndDate": null,
        "ActualCost": null,
        "SystemModstamp": "2021-11-10T06:42:17.000Z",
        "Type": "Conference",
        "NumberOfWonOpportunities": "0",
        "CreatedDate": "2021-11-10T06:42:17.000Z",
        "LastActivityDate": null,
        "Id": "7015g000000QLfJAAW",
        "LastModifiedById": "0055g0000010kF7AAI",
        "NumberOfConvertedLeads": "0"
    }
]
