{"main":"apix-salesforce-sapi.raml","name":"apix-salesforce-sapi","organizationId":"b0beec90-c6cc-4c36-8f7c-ef1f8f91253b","groupId":"b0beec90-c6cc-4c36-8f7c-ef1f8f91253b","assetId":"apix-salesforce-sapi","version":"1.0.14","metadata":{"branchId":"master","commitId":"f59b1dc51e033efd9c22753019b79f8469aac47f","projectId":"28e02380-a02b-467b-99fe-d47320772d1f"},"apiVersion":"v1","classifier":"raml","dependencies":[{"assetId":"salesforce-datatype-library","groupId":"b0beec90-c6cc-4c36-8f7c-ef1f8f91253b","version":"1.0.0"},{"assetId":"common-error-responses-library","groupId":"b0beec90-c6cc-4c36-8f7c-ef1f8f91253b","version":"1.0.0"},{"assetId":"common-header-traits-library","groupId":"b0beec90-c6cc-4c36-8f7c-ef1f8f91253b","version":"1.0.3"}],"tags":[],"originalFormatVersion":"1.0"}